/*
SQLyog Community v10.51 
MySQL - 5.5.11 : Database - ethio_db
*********************************************************************
*/

/*!40101 SET NAMES utf8 */;

/*!40101 SET SQL_MODE=''*/;

/*!40014 SET @OLD_UNIQUE_CHECKS=@@UNIQUE_CHECKS, UNIQUE_CHECKS=0 */;
/*!40014 SET @OLD_FOREIGN_KEY_CHECKS=@@FOREIGN_KEY_CHECKS, FOREIGN_KEY_CHECKS=0 */;
/*!40101 SET @OLD_SQL_MODE=@@SQL_MODE, SQL_MODE='NO_AUTO_VALUE_ON_ZERO' */;
/*!40111 SET @OLD_SQL_NOTES=@@SQL_NOTES, SQL_NOTES=0 */;
/*Table structure for table `ci_query` */

DROP TABLE IF EXISTS `ci_query`;

CREATE TABLE `ci_query` (
  `id` int(10) NOT NULL AUTO_INCREMENT,
  `query_string` longtext NOT NULL,
  PRIMARY KEY (`id`)
) ENGINE=InnoDB AUTO_INCREMENT=378 DEFAULT CHARSET=latin1;

/*Data for the table `ci_query` */

insert  into `ci_query`(`id`,`query_string`) values (233,'user_level=Student'),(234,''),(235,'user_level=Student'),(236,'user_interest=Friendship'),(237,''),(238,'user_school=Ethiopian'),(239,''),(240,'user_gender=Female&user_level=Anything'),(241,'user_gender=Female'),(242,'user_level=Student'),(243,'user_interest=Friendship'),(244,'user_interest=Dating'),(245,'user_gender=Male'),(246,'user_gender=Female'),(247,''),(248,'user_gender=Female'),(249,'user_gender=Female'),(250,'user_gender=Male'),(251,'user_gender=Female'),(252,'user_age=26-29'),(253,'user_gender=Male'),(254,'user_gender=Female'),(255,'user_gender=Male'),(256,'user_school=Ethiopian'),(257,''),(258,''),(259,'username=santosh'),(260,'username=santosh'),(261,''),(262,''),(263,''),(264,'username=dnyanesh'),(265,'username=dnyanesh'),(266,'user_school=Ethiopian'),(267,'username=dnyanesh'),(268,''),(269,'user_school=Ethiopian'),(270,''),(271,'username=santosh'),(272,'user_age=16-19'),(273,'user_age=20-25'),(274,'user_age=16-19'),(275,'user_age=20-25'),(276,'user_age=24'),(277,'user_age=20-25'),(278,'username='),(279,'user_age=20-25'),(280,'user_age=16-19'),(281,'user_age=26-29'),(282,'username='),(283,'user_age=20-25'),(284,'user_age=16-19'),(285,'user_school=Ethiopian'),(286,'user_school=Ethiopian'),(287,'user_gender=Female'),(288,'username=dnyanesh'),(289,'username=santosh'),(290,'username=pallavi'),(291,'username=santosh'),(292,'project_title=College+Management+Sytem&project_course='),(293,'project_title=Gift+Management+System&project_course='),(294,'project_title=&project_course=Android+Course'),(295,'user_gender=Female'),(296,'user_gender=Male'),(297,'user_gender=Female'),(298,'username=santosh'),(299,'user_school=Ethiopian'),(300,'project_title=College+Management+Sytem&project_course='),(301,'project_title=&project_course=PHP'),(302,'project_category=Administration'),(303,'start_date=2016-12-13&end_date=2016-12-22'),(304,'user_school=Ethiopian'),(305,'user_school=Ethiopian'),(306,'username='),(307,'username=santosh'),(308,'user_gender=Female'),(309,'user_school=Ethiopian'),(310,'user_gender=Female'),(311,'username='),(312,'username=santosh'),(313,'username=pallavi'),(314,'username='),(315,'project_category=Administration'),(316,'project_category=Administration'),(317,'project_category=Administration'),(318,'user_gender=Male'),(319,'user_age=20-25&user_school=Ethiopian&user_level=Student&user_interest=Anything'),(320,'user_age=16-19'),(321,'user_age=20-25'),(322,'user_gender=Male&user_age=26-29'),(323,'project_title=College+Management+Sytem&project_course=ICT+Course'),(324,'course_category=Degree'),(325,'course_category=Degree'),(326,'course_category=Degree'),(327,'start_date=2016-12-10&end_date=2016-12-17'),(328,'start_date=2016-12-13&end_date=1970-01-01'),(329,'start_date=2016-12-13&end_date=2016-12-13'),(330,'start_date=2016-12-20&end_date=2016-12-23'),(331,'project_title=Hospital&project_course='),(332,'project_title=&project_course=ICT'),(333,'project_title=&project_course=ICT'),(334,'project_title=&project_course=ICT'),(335,'project_title=&project_course=ICT'),(336,'username=santosh'),(337,'user_school=Ethiopian'),(338,'school_name=&school_type1=private'),(339,'school_name=&school_type1=public'),(340,'course_category=1'),(341,'course_category=2'),(342,'course_category=3'),(343,'course_category=1'),(344,'user_school=Ethiopian'),(345,''),(346,''),(347,'school_category=Account'),(348,'course_category=1'),(349,'course_category=2'),(350,'course_category=3'),(351,'course_category=1'),(352,'course_category=2'),(353,'course_category=3'),(354,'course_category=1'),(355,'course_category=3'),(356,'project_category=5'),(357,'project_category=5'),(358,'question_category=6'),(359,'school_category=4'),(360,'school_category=4'),(361,'school_category=+Commerce+'),(362,'school_category=Account'),(363,'school_category=Agriculture'),(364,'school_category=Account'),(365,'project_category=1'),(366,'project_category=1'),(367,'project_category='),(368,'username='),(369,'course_category=Test+Course'),(370,'course_category=Test+Course'),(371,'start_date=2017-01-23&end_date=2017-01-20'),(372,'school_name=&school_type1=private'),(373,'school_name=&school_type1=public'),(374,'start_date=1970-01-01&end_date=2017-01-21'),(375,''),(376,'start_date=2016-10-12&end_date=2017-01-07'),(377,'start_date=1970-01-01&end_date=1970-01-01');

/*Table structure for table `tbl_advertise` */

DROP TABLE IF EXISTS `tbl_advertise`;

CREATE TABLE `tbl_advertise` (
  `advertise_id` int(11) NOT NULL AUTO_INCREMENT,
  `advertise_name` varchar(100) NOT NULL,
  `advertise_email` varchar(50) NOT NULL,
  `advertise_number` varchar(15) NOT NULL,
  `advertise_category` varchar(50) NOT NULL,
  `advertise_position` varchar(20) NOT NULL,
  `advertise_subject` varchar(200) NOT NULL,
  `advertise_attachment` varchar(200) NOT NULL,
  `advertise_desc` varchar(500) NOT NULL,
  `advertise_date` varchar(50) NOT NULL,
  `advertise_time` varchar(50) NOT NULL,
  `user_id` int(11) NOT NULL,
  `isactive` tinyint(1) NOT NULL DEFAULT '0',
  PRIMARY KEY (`advertise_id`),
  KEY `user_id` (`user_id`)
) ENGINE=InnoDB AUTO_INCREMENT=4 DEFAULT CHARSET=latin1;

/*Data for the table `tbl_advertise` */

insert  into `tbl_advertise`(`advertise_id`,`advertise_name`,`advertise_email`,`advertise_number`,`advertise_category`,`advertise_position`,`advertise_subject`,`advertise_attachment`,`advertise_desc`,`advertise_date`,`advertise_time`,`user_id`,`isactive`) values (1,'santosh','santosh.bhosale123@gmail.com','7709326583','Part Time','Right','santosh','','santosh','28 November, 2016','08:49:53 PM',1,1),(2,'sssss','ss@gmail.com','77777777','Part Time','Left','tst','vlcsnap-2016-09-14-17h19m45s1531.png','zzzzz','29 November, 2016','08:28:39 AM',55,1),(3,'yf','fghg@gmail.com','1234567890','General','Top','gssdgfcv ','default-image.jpg','gfdfg','29 November, 2016','08:39:57 AM',55,1);

/*Table structure for table `tbl_contact` */

DROP TABLE IF EXISTS `tbl_contact`;

CREATE TABLE `tbl_contact` (
  `contact_id` int(11) NOT NULL AUTO_INCREMENT,
  `contact_person_name` varchar(100) NOT NULL,
  `contact_person_email` varchar(50) NOT NULL,
  `contact_number` varchar(50) NOT NULL,
  `contact_desc` varchar(200) NOT NULL,
  `contact_date` varchar(50) NOT NULL,
  `contact_time` varchar(50) NOT NULL,
  PRIMARY KEY (`contact_id`)
) ENGINE=InnoDB DEFAULT CHARSET=latin1;

/*Data for the table `tbl_contact` */

/*Table structure for table `tbl_enquiry` */

DROP TABLE IF EXISTS `tbl_enquiry`;

CREATE TABLE `tbl_enquiry` (
  `enquiry_id` int(11) NOT NULL AUTO_INCREMENT,
  `enquiry_school_name` varchar(50) NOT NULL,
  `enquiry_person_name` varchar(50) NOT NULL,
  `enquiry_person_email` varchar(50) NOT NULL,
  `enquiry_person_location` varchar(100) NOT NULL,
  `enquiry_person_number` varchar(10) NOT NULL,
  `enquiry_subject` varchar(100) NOT NULL,
  `enquiry_message` varchar(300) NOT NULL,
  `enquiry_date` varchar(50) NOT NULL,
  `enquiry_time` varchar(50) NOT NULL,
  `school_id` int(11) NOT NULL,
  `user_id` int(11) NOT NULL,
  PRIMARY KEY (`enquiry_id`),
  KEY `user_id` (`user_id`)
) ENGINE=InnoDB AUTO_INCREMENT=6 DEFAULT CHARSET=latin1;

/*Data for the table `tbl_enquiry` */

insert  into `tbl_enquiry`(`enquiry_id`,`enquiry_school_name`,`enquiry_person_name`,`enquiry_person_email`,`enquiry_person_location`,`enquiry_person_number`,`enquiry_subject`,`enquiry_message`,`enquiry_date`,`enquiry_time`,`school_id`,`user_id`) values (1,'Adarsh Vidhyalaya','Santosh B','santoshbhosale123@gmail.com','Osmanabad','7777777777','test enquiry','test enquiry test enquiry','08 December, 2016','09:49:16 AM',7,70),(2,'SDVL','Santosh B','santoshbhosale123@gmail.com','Lasona','7777777777','My School','My School My School','08 December, 2016','09:51:16 AM',8,70),(3,'Adarsh Vidhyalaya','Santosh B','santoshbhosale123@gmail.com','sdfsdf','7777777777','sdfsd','sdfsdf','08 December, 2016','09:57:39 AM',7,70),(4,'Adarsh Vidhyalaya','Santosh B','santoshbhosale123@gmail.com','pune','7777777777','sdfsdf','sdfsd','08 December, 2016','09:59:54 AM',7,70),(5,'Adarsh Vidhyalaya','Santosh B','santoshbhosale123@gmail.com','pune','7777777777','sdfsd','sdfsdf','08 December, 2016','10:01:14 AM',7,70);

/*Table structure for table `tbl_postlikes` */

DROP TABLE IF EXISTS `tbl_postlikes`;

CREATE TABLE `tbl_postlikes` (
  `plike_id` int(11) NOT NULL AUTO_INCREMENT,
  `presponse_id` int(11) NOT NULL,
  `post_id` int(11) NOT NULL,
  `user_id` int(11) NOT NULL,
  `plikes_count` int(11) NOT NULL,
  PRIMARY KEY (`plike_id`)
) ENGINE=InnoDB AUTO_INCREMENT=12 DEFAULT CHARSET=latin1;

/*Data for the table `tbl_postlikes` */

insert  into `tbl_postlikes`(`plike_id`,`presponse_id`,`post_id`,`user_id`,`plikes_count`) values (1,2,55,1,1),(3,8,71,1,1),(4,13,71,1,1),(5,18,86,1,1),(6,19,86,1,1),(7,20,87,1,1),(8,21,93,1,1),(9,22,93,70,1),(10,22,93,71,1),(11,23,93,71,1);

/*Table structure for table `tbl_postresponse` */

DROP TABLE IF EXISTS `tbl_postresponse`;

CREATE TABLE `tbl_postresponse` (
  `presponse_id` int(11) NOT NULL AUTO_INCREMENT,
  `presponse_title` varchar(100) NOT NULL,
  `presponse_desc` varchar(5000) NOT NULL,
  `presponse_like` int(10) NOT NULL,
  `presponse_type` varchar(50) NOT NULL,
  `presponse_date` varchar(50) NOT NULL,
  `presponse_time` varchar(50) NOT NULL,
  `pparent_id` int(11) NOT NULL,
  `user_id` int(11) NOT NULL,
  `post_id` int(11) NOT NULL,
  PRIMARY KEY (`presponse_id`),
  KEY `user_id` (`user_id`),
  KEY `post_id` (`post_id`),
  CONSTRAINT `post_id` FOREIGN KEY (`post_id`) REFERENCES `tbl_posts` (`post_id`),
  CONSTRAINT `uid` FOREIGN KEY (`user_id`) REFERENCES `tbl_users` (`user_id`)
) ENGINE=InnoDB AUTO_INCREMENT=24 DEFAULT CHARSET=latin1;

/*Data for the table `tbl_postresponse` */

insert  into `tbl_postresponse`(`presponse_id`,`presponse_title`,`presponse_desc`,`presponse_like`,`presponse_type`,`presponse_date`,`presponse_time`,`pparent_id`,`user_id`,`post_id`) values (1,'dnyanesh','rgsdg',0,'','2016-12-22','03:01:26 PM',0,1,55),(2,'dnyanesh','jfjfjj',1,'','2016-12-22','03:09:07 PM',0,1,55),(3,'dnyanesh','afasf',0,'news','2016-12-22','03:41:42 PM',0,1,56),(4,'dnyanesh','dasdasdasdasd',0,'news','2016-12-22','03:43:45 PM',0,1,55),(5,'dnyanesh','gdfgfdg',0,'news','2016-12-22','04:45:28 PM',0,1,71),(6,'dnyanesh','gdfgfdg',0,'event','2016-12-22','04:46:16 PM',0,1,71),(7,'dnyanesh','fghfghfgh',0,'event','2016-12-22','04:46:37 PM',0,1,71),(8,'dnyanesh','fghfghfgh',1,'event','2016-12-22','04:46:56 PM',0,1,71),(9,'dnyanesh','l.k;;l;kl;kl',0,'news','2016-12-22','04:47:50 PM',4,1,55),(10,'dnyanesh','kkkkkkkkkkk',0,'event','2016-12-22','04:48:23 PM',0,1,72),(11,'dnyanesh','hfghfg',0,'event','2016-12-22','04:49:20 PM',0,1,72),(12,'dnyanesh','fgjfgj',0,'event','2016-12-22','04:49:26 PM',0,1,72),(13,'dnyanesh','fghfg',1,'event','2016-12-22','04:50:58 PM',8,1,71),(14,'dnyanesh','test coment',0,'news','2016-12-30','10:42:21 AM',0,1,58),(15,'dnyanesh','reply to test comment',0,'news','2016-12-30','10:42:33 AM',14,1,58),(16,'dnyanesh','reply to reply test comment',0,'news','2016-12-30','10:42:44 AM',15,1,58),(17,'dnyanesh','reply to second reply',0,'news','2016-12-30','10:43:03 AM',15,1,58),(18,'dnyanesh','guyghjghj',1,'gist','2017-01-05','03:05:43 PM',0,1,86),(19,'dnyanesh','ghyguj',1,'gist','2017-01-05','03:44:37 PM',0,1,86),(20,'dnyanesh','test comment',1,'gist','2017-01-05','05:09:39 PM',0,1,87),(21,'dnyanesh','test comment on 93',1,'gist','2017-01-05','05:12:44 PM',0,1,93),(22,'santosh','test comment by Santosh on 93',2,'gist','2017-01-05','05:14:13 PM',0,70,93),(23,'pallavi','test comment by Pallavi on 93',1,'gist','2017-01-05','05:15:07 PM',0,71,93);

/*Table structure for table `tbl_posts` */

DROP TABLE IF EXISTS `tbl_posts`;

CREATE TABLE `tbl_posts` (
  `post_id` int(11) NOT NULL AUTO_INCREMENT,
  `post_title` varchar(100) NOT NULL,
  `post_desc` varchar(5000) NOT NULL,
  `post_category` varchar(50) NOT NULL,
  `post_attachment` varchar(50) NOT NULL,
  `post_author` varchar(50) NOT NULL,
  `post_source` varchar(50) NOT NULL,
  `post_event_date` varchar(100) NOT NULL,
  `post_event_time` varchar(100) NOT NULL,
  `post_date` varchar(50) NOT NULL,
  `post_time` varchar(50) NOT NULL,
  `post_venue` varchar(50) NOT NULL,
  `post_type` varchar(50) NOT NULL,
  `post_approve` varchar(10) NOT NULL,
  `user_id` int(11) NOT NULL,
  PRIMARY KEY (`post_id`),
  KEY `user_id` (`user_id`)
) ENGINE=InnoDB AUTO_INCREMENT=102 DEFAULT CHARSET=latin1;

/*Data for the table `tbl_posts` */

insert  into `tbl_posts`(`post_id`,`post_title`,`post_desc`,`post_category`,`post_attachment`,`post_author`,`post_source`,`post_event_date`,`post_event_time`,`post_date`,`post_time`,`post_venue`,`post_type`,`post_approve`,`user_id`) values (55,'TASUED Graduates 2,261 Students, Offers Employment To Best Graduating Student',' ai Solarin University of Education, (TASUED) Ijagun, Ijebu-Ode at its 8th Convocation Ceremony held recently graduated a total of 2,261 students.\r\n\r\nOgunkomaya Bukola emerged the best graduating student during the ceremony with a CGPA of 4.84. It was learnt the the university has offered the student an automatic employment.\r\n\r\nAccording to the Vice Chancellor of the first University of Education in Nigeria Prof. Oluyemisi who announced the automatic employment, Ogunkomaya would be an asset to the institution.\r\n\r\nIt was gathered that the University churned out 1,586 full time graduates for 2015/2016, 567 part time graduates of 2014/2015, 86 students of Masters in Education programme and only 22 Postgraduate diploma in Education students graduated.\r\n\r\nThe University also awarded honourary Doctorate degrees to the medical doctor who prevented the spread of Ebola virus, late Stella Adadevoh and former President and Chairman of Council, Chartered Institute of Bankers of Nigeria, Segun Aina for their contributions to the development of the country.\r\n','Departmental','default_news.jpg','Dnyanesh','http://myschool.com.ng/','2016-12-16','','2016-12-16','11:38:45 AM','','news','1',1),(56,'UNIPORT Notice On Mobilization Request Form For 2017 \"A\" Service Year','This is to notify all Prospective Corp Members/Final Year Students of the University of Port-Harcourt (UNIPORT), that they are expected to fill and submit the Mobilization Request Form at Students Affairs Department. \r\n\r\nThis should be done on or before 20th December, 2016. \r\n\r\nPlease note, that the Department will not be held responsible for the students who are not mobilized, on account of not submitting their forms.\r\n\r\nThank You.','Pre Degree','default-image.jpg','Dnyanesh','http://myschool.com.ng/','2016-12-16','','2016-12-16','11:40:10 AM','','news','1',1),(57,'WAEC To Conduct GCE Twice A Year With Effect From 2017','The West African Examinations Council (WAEC) has disclosed that the conduct of its examination for private candidates would be twice in a year with effect from 2017.\r\n\r\nThis was made known by the council Registrar, Dr Iyi Uwadiae, who interacted with newsmen at the Registrar’s Staff Appraisal Committee meeting held on Wednesday in Accra, Ghana.\r\n\r\nHe added that the West Africa Senior School Certificate Examination (WASSCE) for private candidates known as the November/December diet for private candidates will now be conducted in January/February and August/September.\r\n\r\nHe said the measure is to ensure that many private candidates, who desire the certificate for various purposes, will have the opportunity of writing the examination and acquire the certificate.\r\n\r\nHe also added that they have concluded arrangements to commence next year. He noted that this development will not affect that of May/June, that remains once a year for all schools candidates.\r\n\r\nHe concluded by saying this is part of its mandate to render qualitative service to all member nations, the council is looking forward to a more rewarding 2017.','Events','default_news.jpg','Dnyanesh','http://myschool.com.ng/','2016-12-16','','2016-12-16','12:11:17 PM','','news','1',1),(58,'AAU Adjusted Academic Calendar For 2016/2017 Academic Session','The management of Ambrise Alli University (AAU) has proposed a Revised Academic Calendar for the 2016/2017 academic session.\r\n\r\nAccroding to the new academic calendar, below is the breakdown of academic activities;\r\n\r\n.Friday, 16th December, 2016............... Fresh students come into Halls of residence \r\n.Monday 19, December, 2016......... Continuation of clearance/Orientation for fresh students \r\n.Thursday, 22nd December, 2016......... Christmas Break For Fresh Students\r\n.Sunday, 8th, January, 2017........ Return of Fresh students into Halls of Residence \r\n.Monday, 9, January, 2017.......... First semester Lectures/normal course registration for fresh students begin \r\n.Sunday, 15th January, 2017.......... 200L-500L students come into Halls of residence \r\n.Monday, 16th January, 2017.......... First semester Lectures/Normal registration for old students begin \r\n.Thursday, 26th January, 2017.......... Matriculation for 100L students \r\n.Friday, 3rd February, 2017......... Normal course registration for all Students end\r\n.Saturday, 4th February, 2017.......... Late course registration for all Students end \r\n.Monday, 20th February, 2017......... Mid Semester Tests \r\n.Friday, 31st March......... First Semester Lectures End \r\n.Friday, 7th April, 2017............ First Semester Exams begin with GST and ENT courses\r\n.Saturday, 29th April, 2017......... First Semester Examinations End \r\n\r\n.B.... R...... E...... A....... K\r\n\r\n.Sunday, 7th May, 2017......... Students come into Halls of residence \r\n.Monday, 8th May, 2017......... Second Semester Lectures Begin \r\n.Monday, 19th June, 2017....... Mid Semester Tests \r\n.Friday, 28th July, 2017........... Second Semester Lectures End \r\n.Friday, 4th August, 2017.......... Second Semester Examinations Begin \r\n.Saturday, 26th August, 2017...... Second Semester Examinations End \r\n.Wednesday, August 19th, 2017........ Faculty board of Examiners meet to consider results \r\n.Wednesday, 20th September, 2017 ........... Meeting of Senate to consider results','Entertainments','default_news.jpg','Dnyanesh','http://myschool.com.ng/','2016-12-16','','2016-12-16','12:12:57 PM','','news','1',1),(59,'Auchi Poly 2nd Batch ND/HND Admission List 2016/2017 Released','The management of Federal Polytechnic, Auchi (AUCHIPOLY) has released the 2nd batch list of admitted candidates into the school for the 2016/2017 academic session.\r\n\r\nThe lists contains the names of ND and HND candidates admitted into the school for the session.\r\n\r\nThe list is yet to be made available online at the moment.\r\n\r\nHowever, candidates can access the list at the various departmental notice board within the school premises.','Events','default_news.jpg','Dnyanesh','http://myschool.com.ng/','2016-12-16','','2016-12-16','12:13:29 PM','','news','1',1),(60,'UNIPORT Notice To Students On JAMB Regularization','The management of University of Port-harcourt (UNIPORT) wishes to inform students who need to regularize their JAMB Admission or make corrections in their Data that they are to follow the procedure below;.\r\n\r\n-Each candidate is to pay for Late Registration online using ATM card or other e-payment channels available on the internet for any of the Board’s services. Once payment is made, a transaction I.D. number will be issued to the candidate.\r\n\r\n-Each candidate is to complete his/her late application form or correction form online using the I.D. number issued after the e-payment has been made.\r\n\r\n-An Indemnity Form ready to be printed will be issued once the registration is completed and submitted online.\r\n\r\n-Each candidate is expected to print and submit the Indemnity Form to his/her institution for the signature of the Head of the Institution (or the Registrar in cases where such is so decided and the specimen signature also submitted directly to the Registrar of JAMB).\r\n\r\n-The duly signed Indemnity Form from the institution would be personally collected from the Head of Institution by the coordinator JAMB office in the State where the institution is domiciled.\r\n\r\nNote: On no account should the form be sent through a proxy/the applicant.\r\n\r\n-JAMB State Coordinators have been instructed to upload the Indemnity Form to JAMB portal for JAMB Registrar’s decision which will be communicated to the applicant and the Vice-Chancellor, Rector or Provost.','Sport','default_news.jpg','Dnyanesh','http://myschool.com.ng/','2016-12-16','','2016-12-16','12:13:54 PM','','news','1',1),(61,'UNIUYO 2nd SCE Supplementary Admission List 2016/17','The management of University Of Uyo (UNIUYO) has released the School Of Continuing Education And Professional Studies 2016/2017 2nd Supplementary Admission List For Certificate, Diploma, Undergraduate And Post Graduate Programmes.\r\n\r\nThe list contains about 462 names of candidates admitted into the different programmes.\r\n\r\nAll admitted candidates gave been directed to visit http://www.eportals.uniuyo.edu.ng/ to make payment for their acceptance fees.\r\n\r\nThe names of admitted candidates are contained on the attached pdf document;','Events','default_news.jpg','Dnyanesh','http://myschool.com.ng/','2016-12-16','','2016-12-16','12:16:04 PM','','news','1',71),(62,'AAUA Sandwich Revised Academic Calendar For 2015/2016 Contact Session','The management of Adekunle Ajasin University (AAUA) has released a revised academic calendar for Sandwich Students, 2015/2016 Contact Session.\r\n\r\nThe nreak dopwn of academic activities is as indicated below;\r\n\r\nRevised Academic Calendar for Sandwich Students, 2015/2016 Contact Session \r\n\r\nFirst Contact \r\nWeek 1: 6th – 12th December, 2015; Resumption of Students \r\nWeek 2: 13th – 19th December, 2015 - Screening and Registration \r\nWeek 3: 20th – 26th December, 2015 - Lectures Begin \r\nWeek 4: 27th Dec, 2015 – 2nd Jan, 2016 - Lectures Continue Week 5: 3rd – 9th January, 2016 - Lectures Continue\r\nSecond Contact \r\nWeek 6: 20th – 26th March, 2016 - Lectures Continue \r\nWeek 7: 27th March – 2nd April, 2016 - Lectures Continue Week 8: 3rd – 9th April, 2016 - Lectures Continue \r\nWeek 9: 10th – 16th April, 2016 - Lectures Continue \r\nWeek 10: 17th – 23rd April, 2016 - Lectures Continue\r\nThird Contact 4th July – 10th October, 2016 - Suspension of Academic Activities \r\nWeek 11: 11th - 17th December, 2016 - Lectures Continue \r\nWeek 12: 18th - 24h December, 2016 - Lectures Continue \r\nWeek 13: 25th – 31st December, 2016 - Lectures Continue \r\nWeek 14: 1st – 7th January, 2017 - Lectures Continue \r\nWeek 15: 8th - 14th January, 2017 - Lectures Continue\r\nFourth Contact \r\nWeek 16: 2nd - 8th April, 2017 - Lecture Continue \r\nWeek 17: 9th – 15th April, 2017 - Revision \r\nWeek 18: 16th – 22nd April, 2017 - Examinations Begin \r\nWeek 19: 23rd – 29th April, 2017 - Examinations End\r\n\r\nSummary \r\nRegistration - 2 Weeks \r\nLectures - 14 Weeks \r\nRevision - 1 Week \r\nExaminations - 2 Weeks \r\nTotal - 19 Weeks \r\nAll Public Holidays shall be observed accordingly. \r\n\r\nThank you. Dr. M.J. Akomolafe\r\n','Departmental','default_news.jpg','Dnyanesh','http://myschool.com.ng/','','','2016-12-16','01:32:28 PM','','news','1',71),(63,'FUGashua 2nd Batch Admission List 2016/2017 (UTME/DE) Released','The management of Federal University Gashua (FUGASHUA) has released the 2nd batch of admission list for the 2016/2017 academic session.\r\n\r\nThe list contains names of candidates admitted through UTME and Direct Entry. \r\n\r\nAbout 149 candidates were admitted in the UTME category while 86 were admitted in the Direct entry category.\r\n\r\nHow To Check Your Admission List\r\nCandidates can access the list via the links below; \r\n\r\nUTME SECOND BATCH ADMISSIONS FOR 2016/2017\r\n\r\nDE SECOND BATCH ADMISSIONS FOR 2016/2017\r\n\r\nYou can equally check the 1st batch list via the links below;\r\n\r\nUTME Admission list\r\n\r\nDE Admission list\r\n\r\nCongratulations to the admitted ones!\r\n\r\n\r\nCompete to win from N50,000 Weekly by answering few CBT questions. Click Here to Enter for Free!\r\n\r\nSee official list of courses offered in FUGASHUA','Entertainments','default_news.jpg','Dnaynesh','http://myschool.com.ng/','','','2016-12-16','01:33:03 PM','','news','1',71),(64,'My 2016 Admission Testimony - Share Here','With the near conclusion of the 2016/2017 admission process, candidates are already counting their gains and losses.\r\n\r\nGoing by all that happened, there\'s no gainsaying that it has been a tough admission year.\r\n\r\nFrom JAMB registration - JAMB Exam - Changing of centers -Faulty system (addition of 40 marks) - Cancellation of post UTME - JAMB\'s posting - JAMB\'s Admission Modality - Admission Screening and Finally Admission list.\r\n\r\nDespite the rough road and the bumpy ride candidates had to go through, many Myschoolers were still able to emerge victorious. All glory to God Almighty.\r\n\r\nWe at Myschool limited are glad to be part of your success story. We say thank you for giving us the opportunity to contribute to your success in securing admission this year.\r\n\r\nThis thread is dedicated to Myschoolers and all those who gained admission this year to share their admission testimonies. \r\n\r\nShare with us the institution you secured admission, the course of study, your JAMB score as well as your word of encouragement to others who are still in the quest.\r\n\r\nCome on, let the testimonies flow. Let mama know how you made it!\r\n\r\n\r\nCompete to win from N50,000 Weekly by answering few CBT questions. Click Here to Enter for Free!\r\n','Pre Degree','default_news.jpg','Dnyanesh','http://myschool.com.ng/','','','2016-12-16','01:34:03 PM','','news','1',71),(65,'Week 3 CBT Challenge Winners Rewarded, Join The Final Round (Week 4) Now!','All the winners of the week 3 of Myschool CBT Contest season 3 have received their prizes.\r\n\r\nIf you are among the winners and you are yet to receive your prize, please kindly send a reply to the Private Message (PM) you received earlier.\r\n\r\nTo view the list of all our 20 winners for the week 3 of the competition, click here\r\n\r\nThe Grand finale (Week 4) of the competition is already on. This week will bring the Myschool CBT challenge Season 3 to and end. Notwithstanding, it is never too late to be a winner! If you have nto joined the competition yet Click here to create a free account (If you do not already have one) and join the competition.\r\n\r\nPrizes To Be Won\r\n1st Prize – N15, 000 Cash!\r\n2nd Prize – N8, 000 Cash!\r\n3rd Prize – N5, 000 Cash!\r\n4th Prize – N5, 000 Cash!\r\n5th Prize – N4,000 Cash!\r\n6th prize - N4,000 Cash!\r\n7th prize - N3,000 Cash!\r\n8th prize – N2,000 Cash!\r\n9th prize – N2,000 Cash!\r\n10th prize – N2,000 Cash!\r\n11th - 20th prize - Free Activation Code for Myschool JAMB CBT Android App','Sport','default_news.jpg','Santosh','http://myschool.com.ng/','','','2016-12-16','01:35:13 PM','','news','1',70),(66,'JAMB CBT Centre Ownership Application Portal Still Available','The registration portal for individual interested in becoming JAMB accredited CBT Centres is still available on JAMB portal.\r\n\r\nThe deadline for registration was earlier announced to be 12 December, 2016.\r\n\r\nHowever, it seems registration is still being accepted from interested individuals.\r\n\r\nIf your are still interested in becoming an accredited JAMB CBT Centre, why not take this opportunity now.\r\n\r\nBut just before you do that, it is important you confirm if you meet the requirements/criteria for accreditation as specified by JAMB by visiting this link: How to become an accredited JAMB CBT Centre\r\n\r\nFor registration, interested individuals are to visit this link: http://jamb.gov.ng/CBTRegistration/\r\n\r\nTo commence registration, you will be required to provide the following information on JAMB Portal;\r\n\r\na. Centre Name \r\nb. Centre Address \r\nc. Address State\r\nd. Centre Representative Name \r\ne. Email Address of Representative (eg.john.james@jamb.gov.ng)\r\nf. Telephone number of Representative (eg. 0701234567890)\r\ng. Centre Ownership Type (e.g Private Owner, Public Institution, Private Institution)\r\nh. Centre Capacity\r\n','Post Degree','default_news.jpg','Santosh','http://myschool.com.ng/','','','2016-12-16','01:36:00 PM','','news','1',70),(67,'JAMB CBT Centres To Have CCTV Cameras Ahead Of 2017 UTME','The Joint Admissions and Matriculation Board (JAMB) has announced that all computer-based centres to be accredited for the registration of 2017 Unified Tertiary Matriculation Examination (UTME), must have Closed-Circuit Television (CCTV) cameras.\r\n\r\nJAMB Registrar, Prof. Ishaq Oloyede disclosed this at an interactive meeting held at the University Of Lagos, with the operators of CBT centres drawn from across the federation.\r\n\r\nAccording to Oloyede, the move was part of the measures being taken by JAMB to avoid errors of the past and also ensure that the best is offered to Nigerians.\r\n\r\nHe noted that the new process has completely phased out cybercafé operators, adding that the computer-based centres to be accredited must have 250 desktop or laptop systems in a single room with provision for additional 25 systems as back-ups.\r\n\r\nThe board also informed the CBT operators that all the 10 fingers of candidates must be captured, and that anyone whose whole 10 fingers cannot be captured by the CBT centres should be directed to the headquarters of JAMB in Abuja, he added that this was done to avoid multiple registration by candidates.\r\n\r\nThe meeting, which was attended by thousands of computer operators from across the country, witnessed debates among participants on several issues including the suggestion for the cancellation of UTME mobile applications.','Departmental','default_news.jpg','Dnyanesh','http://myschool.com.ng/','','','2016-12-16','01:36:41 PM','','news','1',70),(68,'UNICAL Resumption Date 2016/2017 Announced','The management of University of Calabar (UNICAL) has announced the resumption date for the 2016/2017 academic session as approved by the sane of the institution.\r\n\r\nAccording to the Senate of the institution after a meeting held yesterday, resumption date for 2016/2017 academic session is January 3rd, 2017.\r\n\r\nAcademic activities are expected to commence immediately\r\n\r\nStudents are therefore advised to take note of this date and strictly adhere to it.','Departmental','default_news.jpg','Santosh','http://myschool.com.ng/','','','2016-12-16','01:37:14 PM','','news','1',70),(69,'UNIABUJA Postgraduate Admission List 2016/2017 Now Online','The management of University of Abuja has released the list of candidates admitted into its postgraduate programme for the 2016/2017 academic session.\r\n\r\nCandidates can now access their admission status via the school\'s website.\r\n\r\nTo check your admission status, visit POSTGRADUATE ADMISSIONS\r\nEnter your details as required and proceed to view your admission status.\r\n\r\nPOSTGRADUATE ADMISSIONS VERY IMPORTANT NOTICE\r\nThose Postgraduate Candidates whose Application Number is numeric i.e. 000123 should use 123 and ignore the preceding 000 (e.g instead of using the full numbers to check-000123, use 123) to check their Admission Status \r\nwhile others whose Application Number carry UA/000192 for example, should use it as it is. \r\n\r\nNOTICE TO ALL APPLICANTS\r\nIf you are checking notification for the first time use the \'Pay with Remita\' button to make your payment via Remita. \r\n\r\nIf you are returning to continue or print your application or your payment had issues and is now resolved use the \'Submit\' button with your Reference Number to continue. [Your Pin number is the Reference Number for the successful Remita Payment]\r\n\r\nIf you have any other issues with the online application please send your details as above describing your problems to: swunibujaug@gmail.com\r\n\r\nCongratulations to the admitted ones!\r\n','Admission','default_news.jpg','Santosh','http://myschool.com.ng/','','','2016-12-16','01:38:20 PM','','news','1',70),(70,'UNILAG Registration For Supplementary Candidates 2016/2017 Ends','Lorem Ipsum is simply dummy text of the printing and typesetting industry. Lorem Ipsum has been the industry\'s standard dummy text ever since the 1500s, when an unknown printer took a galley of type and scrambled it to make a type specimen book. It has survived not only five centuries, but also the leap into electronic typesetting, remaining essentially unchanged. It was popularised in the 1960s with the release of Letraset sheets containing Lorem Ipsum passages, and more recently with desktop publishing software like Aldus PageMaker including versions of Lorem Ipsum','','default-event.jpg','myschool paul','','2016-12-16','05:52:44 PM','2016-12-16','05:11:15 PM','University of Lagos','event','1',1),(71,'ACEONDO Acceptance Fee Payment Deadline 2016/2017','Lorem Ipsum is simply dummy text of the printing and typesetting industry. Lorem Ipsum has been the industry\'s standard dummy text ever since the 1500s, when an unknown printer took a galley of type and scrambled it to make a type specimen book. It has survived not only five centuries, but also the leap into electronic typesetting, remaining essentially unchanged. It was popularised in the 1960s with the release of Letraset sheets containing Lorem Ipsum passages, and more recently with desktop publishing software like Aldus PageMaker including versions of Lorem Ipsum.\r\n\r\n','','default-image.png','myschool paul','','2016-12-16','05:52:44 PM','2016-12-16','05:46:55 PM','Adeyemi College Of Education, Ondo','event','1',1),(72,'Harambe Entrepreneur Alliance Fully-funded MBA Scholarships At Yale University, USA Application Dead','Lorem Ipsum is simply dummy text of the printing and typesetting industry. Lorem Ipsum has been the industry\'s standard dummy text ever since the 1500s, when an unknown printer took a galley of type and scrambled it to make a type specimen book. It has survived not only five centuries, but also the leap into electronic typesetting, remaining essentially unchanged. It was popularised in the 1960s with the release of Letraset sheets containing Lorem Ipsum passages, and more recently with desktop publishing software like Aldus PageMaker including versions of Lorem Ipsum.\r\n\r\n','','default-image.png','Myschool Kelly','','2016-12-16','05:52:44 PM','2016-12-16','05:47:40 PM','All School Communities','event','1',1),(73,'RSUST Part-time Admission Deadline 2016/2017','Lorem Ipsum is simply dummy text of the printing and typesetting industry. Lorem Ipsum has been the industry\'s standard dummy text ever since the 1500s, when an unknown printer took a galley of type and scrambled it to make a type specimen book. It has survived not only five centuries, but also the leap into electronic typesetting, remaining essentially unchanged. It was popularised in the 1960s with the release of Letraset sheets containing Lorem Ipsum passages, and more recently with desktop publishing software like Aldus PageMaker including versions of Lorem Ipsum.\r\n\r\n','','default-image.png','myschool paul','','2016-12-16','05:52:44 PM','2016-12-16','05:48:27 PM','Rivers State University of Science and Technology','event','0',1),(74,'2017 Fully-funded PhD Scholarships In University Of Bristol, UK Application Deadline','Lorem Ipsum is simply dummy text of the printing and typesetting industry. Lorem Ipsum has been the industry\'s standard dummy text ever since the 1500s, when an unknown printer took a galley of type and scrambled it to make a type specimen book. It has survived not only five centuries, but also the leap into electronic typesetting, remaining essentially unchanged. It was popularised in the 1960s with the release of Letraset sheets containing Lorem Ipsum passages, and more recently with desktop publishing software like Aldus PageMaker including versions of Lorem Ipsum.','','default-image.png','Myschool Kelly','','2016-12-16','05:52:44 PM','2016-12-16','05:49:17 PM','All School Communities','event','1',1),(75,'2017 PTDF PhD & Msc Scholarship Scheme For Nigerian Students Application Deadline','Lorem Ipsum is simply dummy text of the printing and typesetting industry. Lorem Ipsum has been the industry\'s standard dummy text ever since the 1500s, when an unknown printer took a galley of type and scrambled it to make a type specimen book. It has survived not only five centuries, but also the leap into electronic typesetting, remaining essentially unchanged. It was popularised in the 1960s with the release of Letraset sheets containing Lorem Ipsum passages, and more recently with desktop publishing software like Aldus PageMaker including versions of Lorem Ipsum.','','default-event.jpg','Myschool Kelly','','2016-12-16','05:52:44 PM','2016-12-16','05:50:42 PM','All School Communities','event','1',71),(76,'UNIZIK Sales Of Pre-Science Form 2016/2017 Deadline','Lorem Ipsum is simply dummy text of the printing and typesetting industry. Lorem Ipsum has been the industry\'s standard dummy text ever since the 1500s, when an unknown printer took a galley of type and scrambled it to make a type specimen book. It has survived not only five centuries, but also the leap into electronic typesetting, remaining essentially unchanged. It was popularised in the 1960s with the release of Letraset sheets containing Lorem Ipsum passages, and more recently with desktop publishing software like Aldus PageMaker including versions of Lorem Ipsum.\r\n\r\n','','default-event.jpg','myschool paul','','2016-12-16','05:52:44 PM','2016-12-16','05:51:10 PM','Nnamdi Azikiwe University','event','1',71),(77,'100% MSc Tropical Padiatrics Scholarships At LSTM Application Deadline','Lorem Ipsum is simply dummy text of the printing and typesetting industry. Lorem Ipsum has been the industry\'s standard dummy text ever since the 1500s, when an unknown printer took a galley of type and scrambled it to make a type specimen book. It has survived not only five centuries, but also the leap into electronic typesetting, remaining essentially unchanged. It was popularised in the 1960s with the release of Letraset sheets containing Lorem Ipsum passages, and more recently with desktop publishing software like Aldus PageMaker including versions of Lorem Ipsum.\r\n\r\n','','default-event.jpg','myschool paul','','2016-12-16','05:52:44 PM','2016-12-16','05:52:44 PM','Umaru Musa Yar\'adua University','event','1',71),(78,'UMYU Postgraduate Application Deadline 2016/2017','Lorem Ipsum is simply dummy text of the printing and typesetting industry. Lorem Ipsum has been the industry\'s standard dummy text ever since the 1500s, when an unknown printer took a galley of type and scrambled it to make a type specimen book. It has survived not only five centuries, but also the leap into electronic typesetting, remaining essentially unchanged. It was popularised in the 1960s with the release of Letraset sheets containing Lorem Ipsum passages, and more recently with desktop publishing software like Aldus PageMaker including versions of Lorem Ipsum.\r\n\r\n','','default-event.jpg','myschool paul','','2016-12-16','05:52:44 PM','2016-12-16','05:53:12 PM','Umaru Musa Yar\'adua University','event','1',71),(79,'2017 Erasmus Mundus Joint Master Degree Scholarships In Media Arts Cultures Application Deadline','Lorem Ipsum is simply dummy text of the printing and typesetting industry. Lorem Ipsum has been the industry\'s standard dummy text ever since the 1500s, when an unknown printer took a galley of type and scrambled it to make a type specimen book. It has survived not only five centuries, but also the leap into electronic typesetting, remaining essentially unchanged. It was popularised in the 1960s with the release of Letraset sheets containing Lorem Ipsum passages, and more recently with desktop publishing software like Aldus PageMaker including versions of Lorem Ipsum.\r\n\r\n','','default-event.jpg','Myschool Kelly','','2016-12-16','05:52:44 PM','2016-12-16','05:54:07 PM','All School Communities','event','1',71),(80,'£5,000 MBA Scholarship At University Of Edinburgh Application Deadline','Lorem Ipsum is simply dummy text of the printing and typesetting industry. Lorem Ipsum has been the industry\'s standard dummy text ever since the 1500s, when an unknown printer took a galley of type and scrambled it to make a type specimen book. It has survived not only five centuries, but also the leap into electronic typesetting, remaining essentially unchanged. It was popularised in the 1960s with the release of Letraset sheets containing Lorem Ipsum passages, and more recently with desktop publishing software like Aldus PageMaker including versions of Lorem Ipsum.','','default-event.jpg','Myschool Kelly','','2016-12-16','05:58:11 PM','2016-12-16','05:56:05 PM','All School Communities','event','1',70),(81,'NSUK New Resumption Date For 2016/2017','Lorem Ipsum is simply dummy text of the printing and typesetting industry. Lorem Ipsum has been the industry\'s standard dummy text ever since the 1500s, when an unknown printer took a galley of type and scrambled it to make a type specimen book. It has survived not only five centuries, but also the leap into electronic typesetting, remaining essentially unchanged. It was popularised in the 1960s with the release of Letraset sheets containing Lorem Ipsum passages, and more recently with desktop publishing software like Aldus PageMaker including versions of Lorem Ipsum.\r\n\r\n','','default-event.jpg','myschool paul','','2016-12-16','05:58:11 PM','2016-12-16','05:56:43 PM','Nasarawa State University','event','0',70),(82,'UNICAL Resumption Date For 2016/2017','Lorem Ipsum is simply dummy text of the printing and typesetting industry. Lorem Ipsum has been the industry\'s standard dummy text ever since the 1500s, when an unknown printer took a galley of type and scrambled it to make a type specimen book. It has survived not only five centuries, but also the leap into electronic typesetting, remaining essentially unchanged. It was popularised in the 1960s with the release of Letraset sheets containing Lorem Ipsum passages, and more recently with desktop publishing software like Aldus PageMaker including versions of Lorem Ipsum.\r\n\r\n','','default-event.jpg','myschool paul','','2016-12-16','05:58:11 PM','2016-12-16','05:57:08 PM','University of Calabar','event','1',70),(83,'MasterCard Foundation Undergraduate Scholarship At Michigan State University Application Deadline','Lorem Ipsum is simply dummy text of the printing and typesetting industry. Lorem Ipsum has been the industry\'s standard dummy text ever since the 1500s, when an unknown printer took a galley of type and scrambled it to make a type specimen book. It has survived not only five centuries, but also the leap into electronic typesetting, remaining essentially unchanged. It was popularised in the 1960s with the release of Letraset sheets containing Lorem Ipsum passages, and more recently with desktop publishing software like Aldus PageMaker including versions of Lorem Ipsum.\r\n\r\n','','default-event.jpg','Myschool Kelly','','2016-12-16','05:58:11 PM','2016-12-16','05:58:11 PM','All School Communities','event','1',70),(84,'MBA Scholarship At Harvard Business School Application Deadline','Lorem Ipsum is simply dummy text of the printing and typesetting industry. Lorem Ipsum has been the industry\'s standard dummy text ever since the 1500s, when an unknown printer took a galley of type and scrambled it to make a type specimen book. It has survived not only five centuries, but also the leap into electronic typesetting, remaining essentially unchanged. It was popularised in the 1960s with the release of Letraset sheets containing Lorem Ipsum passages, and more recently with desktop publishing software like Aldus PageMaker including versions of Lorem Ipsum.\r\n\r\n','','default-event.jpg','Myschool Kelly','','2016-12-16','05:58:11 PM','2016-12-16','05:58:38 PM','All School Communities','event','1',70),(86,'Shell Petrol Development Company Niger Delta Postgraduate Scholarship 2011/2012. Apply Now!!!!','Scholarships Description: A scholarship focus should accompany, or follow, a University Graduate Entry Application. Scholarship applications will not be deliberate until a applicant has been supposed by University College London to commence an authorised programme of postgraduate study. Applicants contingency privately finish this form by entering a information requested in a suitable blocks.','Entertainments','default-image.jpg','jobgurus','http://myschool.com.ng/','','','2016-12-16','06:11:42 PM','','gist','1',1),(87,'Send Free bulk sms this xmas','Grab this wonderful oppotunity by joining the world largest network in sending free bulk sms by following the link:http://naijanimi.com/?ref=10042 \r\n\r\nCompete to win from N50,000 Weekly by answering few CBT questions. Click Here to Enter for Free!','Pre Degree','default-image.jpg',' uchetex','http://myschool.com.ng/','','','2016-12-16','06:12:25 PM','','gist','1',1),(88,'SEND FREE BULK N CUSTOMIZABLE SMS TO ANY NTWRK, FREE','To send free sms to any 9ja ntwk numba n abroad,witout bin charged or paying a dime, jst visit this link below and sign up. Also,u can send customizable msgs dat bear ur name to any fone numba of ur choice. Jst click d link below n sign up http://www.naijanimi.com/?ref=2437. Goodluck. ','Admission','default-image.jpg',' Chinedu9 ','http://myschool.com.ng/','','','2016-12-16','06:13:07 PM','','gist','1',1),(89,'Send free bulk sms to everybody.','You might be discouraged and depressed each time you think of sending an sms to your love once ,because of the capacious expence of the rate attracted to each sms per head.why not Grab this wonderful oppotunity by joining the world largest network in sending free bulk sms by following the link:http://naijanimi.com/?ref=10042','Events','default-image.jpg',' uchetex','http://myschool.com.ng/','','','2016-12-16','06:13:45 PM','','gist','1',1),(90,'UNN Post Graduate Admission List For The 2016/2017 Academic Session','after hearing the scores of fellow medical student i think d performance of medical student is fairly moderate unlike our law counterparts n oda art ppl who had 65 n above to deal with..i got 64 medicine..oda med score recievd...53,54,57,60,60,60,67,65,63\'61,49,43...so pls frnds drop ur score n ur 2go username so we can ascertain our chances .mine is ivory18 got 64.. ','Entertainments','default-image.jpg','Dnyanesh','http://myschool.com.ng/','','','2016-12-16','06:14:24 PM','','gist','1',1),(91,'Medicine and surgery aspirants 2017/2018','Please all medicine and surgery aspirants 2017/2018.. Let\'s be in touch.. Pray together, work together.. 07068058046. Add me on WhatsApp so I can add you to the WhatsApp group. God bless you. ','Entertainments','default-image.jpg','Santosh','http://myschool.com.ng/','','','2016-12-16','06:15:16 PM','','gist','1',70),(92,'Unilorin aspirant whatsapp group','Unilorin aspirants drop your whatsapp numbers to join the online unilorin aspirants platform \r\n\r\nCompete to win from N50,000 Weekly by answering few CBT questions. Click Here to Enter for Free!','Pre Degree','default-image.jpg','Santosh','http://myschool.com.ng/','','','2016-12-16','06:15:37 PM','','gist','1',70),(93,'futminna school of environmental technology(SET) aspirant','Drop ur detail below \r\nAm Urp add me on whatsapp on 08032309611 \r\n\r\nCompete to win from N50,000 Weekly by answering few CBT questions. Click Here to Enter for Free!','Departmental','default-image.jpg','Santosh','http://myschool.com.ng/','','','2016-12-16','06:16:07 PM','','gist','1',70),(94,'Fut Minna 2016/2017 Aspirants.','Add me up on whatsapp wit dis number xo i can add u in our group chat.(Aspirants) 08135476357 \r\n\r\nCompete to win from N50,000 Weekly by answering few CBT questions. Click Here to Enter for Free!','Entertainments','default-image.jpg','Santosh','http://myschool.com.ng/','','','2016-12-16','06:16:28 PM','','gist','1',70),(95,'FUTMINNA 2016/2017 ASPIRANTS WHATSAPP GROUP','just to stay informed and updated abt FUTMINNA add this number 08127173177 for a group chat \r\n\r\nCompete to win from N50,000 Weekly by answering few CBT questions. Click Here to Enter for Free!','Entertainments','default-image.jpg','Santosh','http://myschool.com.ng/','','','2016-12-16','06:16:53 PM','','gist','1',70),(96,'Esut aspirant drop your number for Esut whatsapp group','All esut aspirant 2015 /2016 drop your whatsapp number, let me add you to esut whatsapp group, so we can share info and know each other.... \r\n\r\nCompete to win from N50,000 Weekly by answering few CBT questions. Click Here to Enter for Free!\r\n','Sport','default-image.jpg','Santosh','http://myschool.com.ng/','','','2016-12-16','06:18:53 PM','','gist','1',71),(97,'Esut Admitted Mechanical and Production Engineering Freshers, Drop your numbers for our dedicated wh','To bring together Esuties Mechanical and Production Engineering Freshers, to share relevant infos and to help each other \r\n\r\nCompete to win from N50,000 Weekly by answering few CBT questions. Click Here to Enter for Free!','Pre Degree','default-image.jpg','Pallavi','http://myschool.com.ng/','','','2016-12-16','06:19:15 PM','','gist','1',71),(98,'rsust aspirants group..','THIS POST IS FOR ALL RSUST ASPIRANTS/FRESHERS , WE HAVE A WHATSAPP GROUP (THE OFFICIAL RSUST ASPIRANTS/FRESHERS GROUP)WITH LOTS OF MEMBERS, WHERE YOU COME IN AND SHARE YOUR THOUGHTS IDEAS, HAVE FUN, MEET NEW PEOPLE AND MAKE NEW FRIENDS AND ALSO ASK QUESTIONS AND DO REGISTRATIONS','Pre Degree','default-image.jpg','Pallavi','http://myschool.com.ng/','','','2016-12-16','06:19:40 PM','','gist','1',71),(99,'Uniosun pdites group 2016/2017','Please, drop your number here. ','Full Time','default-image.jpg','Pallavi','http://myschool.com.ng/','','','2016-12-16','06:20:02 PM','','gist','1',71),(100,'AAUA ECONOMICS AND ECO EDUCATION admitted candidates group','Congratulations once again to those admitted into the prestigious and outstanding department in Adekunle ajasin. Economics department houses the best amongst the rest and I believe you are lucky to be among. A group will be created for you guys on Whatsapp to meet each other and know what\'s up in school as to the course. kindly message this number on Whatsapp ( 08060548106) to get added on the group . I am Bidemi, current class governor for 200level economics .','Sport','default-image.jpg','Pallavi','http://myschool.com.ng/','','','2016-12-16','06:20:24 PM','','gist','1',71),(101,'Test Privacy Policy','Test Test Test','','','','','','','2017-01-04','04:51:41 PM','','privacy','',1);

/*Table structure for table `tbl_posts_comments` */

DROP TABLE IF EXISTS `tbl_posts_comments`;

CREATE TABLE `tbl_posts_comments` (
  `post_c_id` int(11) NOT NULL AUTO_INCREMENT,
  `post_c_desc` varchar(200) NOT NULL,
  `post_c_date` varchar(50) NOT NULL,
  `post_c_time` varchar(50) NOT NULL,
  `post_c_type` varchar(50) NOT NULL,
  `user_id` int(11) NOT NULL,
  PRIMARY KEY (`post_c_id`),
  KEY `user_id` (`user_id`)
) ENGINE=InnoDB DEFAULT CHARSET=latin1;

/*Data for the table `tbl_posts_comments` */

/*Table structure for table `tbl_user_meta` */

DROP TABLE IF EXISTS `tbl_user_meta`;

CREATE TABLE `tbl_user_meta` (
  `school_type` varchar(50) NOT NULL,
  `user_school` varchar(50) NOT NULL,
  `user_level` varchar(50) NOT NULL,
  `user_dept` varchar(50) NOT NULL,
  `user_gender` varchar(50) NOT NULL,
  `user_birth` varchar(400) NOT NULL,
  `user_age` varchar(50) NOT NULL,
  `mobile_no` varchar(50) NOT NULL,
  `user_avatar` varchar(500) NOT NULL,
  `marital_status` varchar(50) NOT NULL,
  `interested_in` varchar(50) NOT NULL,
  `about_user` varchar(200) NOT NULL,
  `user_interest` varchar(200) NOT NULL,
  `user_hobby` varchar(200) NOT NULL,
  `user_date` varchar(50) NOT NULL,
  `user_time` varchar(50) NOT NULL,
  `user_id` int(11) NOT NULL,
  KEY `user_id` (`user_id`)
) ENGINE=InnoDB DEFAULT CHARSET=latin1;

/*Data for the table `tbl_user_meta` */

insert  into `tbl_user_meta`(`school_type`,`user_school`,`user_level`,`user_dept`,`user_gender`,`user_birth`,`user_age`,`mobile_no`,`user_avatar`,`marital_status`,`interested_in`,`about_user`,`user_interest`,`user_hobby`,`user_date`,`user_time`,`user_id`) values ('friendship','anything','friendship','IT','Male','1992-01-15','19','9689483519','latest-cutest-baby2111.png','Male','female','Student','Friendship','Cricket','16 December, 2016','11:26:31 AM',1),('anything','anything','anything','IT','Male','1991-02-04','28','7777777777','16-12-2016-10-46-101.jpg','Male','female','About Me','Friendship','My Hobby','16 December, 2016','11:17:44 AM',70),('anything','anything','friendship','IT','female','1992-01-08','24','7777777777','15-12-2016-10-35-5611.jpg','female','female','Test about Me','Friendship','Test My Hobby','16 December, 2016','12:14:53 PM',71),('anything','anything','anything','IT','female','2016-12-17','0','9999999999','15-12-2016-10-35-561.jpg','female','female','test','test','test','2016-12-16','10:35:17 AM',72),('University','anything','student-100 level','gg','Male','1970-01-01','48','+25111111111','default-avatar.png','single','clubbing this weekend','gfgf','fgfdg','fgfdgfd','2018-01-18','09:47:16 PM',74);

/*Table structure for table `tbl_users` */

DROP TABLE IF EXISTS `tbl_users`;

CREATE TABLE `tbl_users` (
  `user_id` int(11) NOT NULL AUTO_INCREMENT,
  `username` varchar(100) NOT NULL,
  `first_name` varchar(100) NOT NULL,
  `last_name` varchar(100) NOT NULL,
  `password` varchar(255) NOT NULL,
  `user_email` varchar(100) NOT NULL,
  `user_role` varchar(20) NOT NULL,
  `verificationcode` varchar(100) NOT NULL,
  PRIMARY KEY (`user_id`),
  UNIQUE KEY `username` (`username`),
  UNIQUE KEY `user_email` (`user_email`)
) ENGINE=InnoDB AUTO_INCREMENT=75 DEFAULT CHARSET=latin1;

/*Data for the table `tbl_users` */

insert  into `tbl_users`(`user_id`,`username`,`first_name`,`last_name`,`password`,`user_email`,`user_role`,`verificationcode`) values (1,'dnyanesh','Dnyanesh','M','e6e061838856bf47e1de730719fb2609','dnyanesh.mali@softinfology.com','admin',''),(70,'santosh','Santosh','B','e6e061838856bf47e1de730719fb2609','santoshbhosale123@gmail.com','schooluser','7c98456a3f711f1b64b9e083a220591e'),(71,'pallavi','Pallavi','G','e6e061838856bf47e1de730719fb2609','pallavi@gmail.com','schooluser',''),(72,'testuser','test','user','e358efa489f58062f10dd7316b65649e','testuser@gmail.com','schooluser',''),(73,'schooltestuser','schooltest','user','e358efa489f58062f10dd7316b65649e','schooltest@gmail.com','schooluser',''),(74,'fgdg','ghgf','ghf','343b1c4a3ea721b2d640fc8700db0f36','rahulpatil23492@gmail.com','schooluser','');

/*Table structure for table `tbl_vacancy` */

DROP TABLE IF EXISTS `tbl_vacancy`;

CREATE TABLE `tbl_vacancy` (
  `vacancy_id` int(11) NOT NULL AUTO_INCREMENT,
  `vacancy_name` varchar(100) NOT NULL,
  `vacancy_school_name` varchar(100) NOT NULL,
  `vacancy_count` int(10) NOT NULL,
  `vacancy_from_date` date NOT NULL,
  `vacancy_to_date` date NOT NULL,
  `vacancy_time` varchar(50) NOT NULL,
  `vacancy_date` varchar(50) NOT NULL,
  `vacancy_desc` varchar(5000) NOT NULL,
  `vacancy_approve` varchar(10) NOT NULL,
  `user_id` int(11) NOT NULL,
  PRIMARY KEY (`vacancy_id`),
  KEY `user_id` (`user_id`)
) ENGINE=InnoDB AUTO_INCREMENT=31 DEFAULT CHARSET=latin1;

/*Data for the table `tbl_vacancy` */

insert  into `tbl_vacancy`(`vacancy_id`,`vacancy_name`,`vacancy_school_name`,`vacancy_count`,`vacancy_from_date`,`vacancy_to_date`,`vacancy_time`,`vacancy_date`,`vacancy_desc`,`vacancy_approve`,`user_id`) values (28,'Web Developer','VIIT',2,'2016-12-01','2016-12-30','10:26:16 AM','2016-12-02','Web Developer for college site','1',1),(29,'Android Developer','SIL',2,'2016-12-01','2016-12-16','10:24:18 AM','2016-11-25','Application Development','1',1),(30,'Tester','SIL',2,'2016-12-01','2016-12-20','10:25:00 AM','2016-12-02','Testing of Site','1',1);

/*!40101 SET SQL_MODE=@OLD_SQL_MODE */;
/*!40014 SET FOREIGN_KEY_CHECKS=@OLD_FOREIGN_KEY_CHECKS */;
/*!40014 SET UNIQUE_CHECKS=@OLD_UNIQUE_CHECKS */;
/*!40111 SET SQL_NOTES=@OLD_SQL_NOTES */;
